{"cameraMode":{"drawMode":0,"name":"Shaded","section":"Shading Mode"},"sceneLighting":true,"audioPlay":false,"sceneViewState":{"m_AlwaysRefresh":false,"showFog":true,"showSkybox":true,"showFlares":true,"showImageEffects":true,"showParticleSystems":true,"showVisualEffectGraphs":true,"m_FxEnabled":true},"in2DMode":false,"pivot":{"x":15.989553451538086,"y":3.7406883239746095,"z":-7.348529815673828},"rotation":{"x":0.03898584097623825,"y":0.014988062903285027,"z":-0.0005848868167959154,"w":0.9991296529769898},"size":11.665332794189454,"orthographic":false}